{"unity_start_pos": [[-20.0, 20.0, 0.0, 0]], "length_straight": 35.0, "max_rollouts": 10, "tree_spacings": [5], "target_speed": 10.0, "track_global_traj": false, "log_dir": "logs", "expert_folder": "./data", "pitch_angle": 0, "use_depth": true, "use_rgb": false, "quad_name": "hummingbird", "odometry_topic": "/hummingbird/ground_truth/odometry", "rgb_topic": "/hummingbird/agile_autonomy/unity_rgb", "depth_topic": "/hummingbird/agile_autonomy/sgm_depth", "input_update_freq": 15, "execute_nw_predictions": true, "crashed_thr": 0.18, "verbose": false, "net_weight": "/mnt/Data/logs/drone_pos_runs_old/exps240224/base/run5/checkpoint0004.pth", "no_odom": false, "margin": 0.2}
{"expert_usage": 0.0, "number_crashes": 0, "travelled_dist": 32.37701232196328, "last_crash": -1, "travelled_time": 3.649999999999995, "max_speed": 10.410249818864639, "success": true, "closest_distance": 0.3700654678308264}
{"expert_usage": 0.0, "number_crashes": 0, "travelled_dist": 32.58294946846794, "last_crash": -1, "travelled_time": 3.4499999999999957, "max_speed": 10.530111399797361, "success": true, "closest_distance": 0.44253374192668365}
{"expert_usage": 0.0, "number_crashes": 0, "travelled_dist": 33.241020123478016, "last_crash": -1, "travelled_time": 4.399999999999992, "max_speed": 9.829954681203823, "success": true, "closest_distance": 0.21893930151749919}
{"expert_usage": 0.0, "number_crashes": 0, "travelled_dist": 32.46830511846862, "last_crash": -1, "travelled_time": 3.2999999999999963, "max_speed": 11.038598280597117, "success": true, "closest_distance": 0.48476364257408555}
{"expert_usage": 0.0, "number_crashes": 0, "travelled_dist": 32.29942644985821, "last_crash": -1, "travelled_time": 3.4499999999999957, "max_speed": 10.404172766835563, "success": true, "closest_distance": 0.22085582942740167}
{"expert_usage": 0.0, "number_crashes": 0, "travelled_dist": 32.60627272594623, "last_crash": -1, "travelled_time": 3.4999999999999956, "max_speed": 10.83304955595643, "success": true, "closest_distance": 0.35866830329421856}
{"expert_usage": 0.0, "number_crashes": 0, "travelled_dist": 32.488222942885635, "last_crash": -1, "travelled_time": 3.399999999999996, "max_speed": 10.258906087114067, "success": true, "closest_distance": 0.558251809128567}
{"expert_usage": 0.0, "number_crashes": 0, "travelled_dist": 32.07231348197867, "last_crash": -1, "travelled_time": 3.4999999999999956, "max_speed": 9.853966601716449, "success": true, "closest_distance": 0.59843871071562}
{"expert_usage": 0.0, "number_crashes": 0, "travelled_dist": 32.68316276934092, "last_crash": -1, "travelled_time": 3.4499999999999957, "max_speed": 10.73861635958457, "success": true, "closest_distance": 0.22460679577448808}
{"expert_usage": 0.0, "number_crashes": 0, "travelled_dist": 33.112978462178916, "last_crash": -1, "travelled_time": 3.7499999999999947, "max_speed": 10.205973012835559, "success": true, "closest_distance": 0.4952462504299975}
