{"unity_start_pos": [[-20.0, 20.0, 0.0, 0]], "length_straight": 35.0, "max_rollouts": 10, "tree_spacings": [5], "target_speed": 13.0, "track_global_traj": false, "log_dir": "logs", "expert_folder": "./data", "pitch_angle": 0, "use_depth": true, "use_rgb": false, "quad_name": "hummingbird", "odometry_topic": "/hummingbird/ground_truth/odometry", "rgb_topic": "/hummingbird/agile_autonomy/unity_rgb", "depth_topic": "/hummingbird/agile_autonomy/sgm_depth", "input_update_freq": 15, "execute_nw_predictions": true, "crashed_thr": 0.18, "verbose": false, "net_weight": "/mnt/Data/logs/drone_pos_runs_old/exps240224/base/run5/checkpoint0004.pth", "no_odom": false, "margin": 0.2}
{"expert_usage": 0.0, "number_crashes": 0, "travelled_dist": 32.98270016997614, "last_crash": -1, "travelled_time": 3.149999999999997, "max_speed": 11.997526567174077, "success": true, "closest_distance": 0.2665408054628575}
{"expert_usage": 0.0, "number_crashes": 0, "travelled_dist": 33.05346895650252, "last_crash": -1, "travelled_time": 2.9499999999999975, "max_speed": 12.847958669955903, "success": true, "closest_distance": 0.30017038591915784}
{"expert_usage": 0.0, "number_crashes": 0, "travelled_dist": 32.76467457575456, "last_crash": -1, "travelled_time": 2.9999999999999973, "max_speed": 11.960222454656623, "success": true, "closest_distance": 0.5952529710112185}
{"expert_usage": 0.0, "number_crashes": 0, "travelled_dist": 32.55180898518784, "last_crash": -1, "travelled_time": 3.049999999999997, "max_speed": 11.999075390721602, "success": true, "closest_distance": 0.7082548179496929}
{"expert_usage": 0.0, "number_crashes": 0, "travelled_dist": 32.5588554253511, "last_crash": -1, "travelled_time": 2.8999999999999977, "max_speed": 12.753076928227689, "success": true, "closest_distance": 0.404407377989368}
{"expert_usage": 0.0, "number_crashes": 0, "travelled_dist": 33.2545010989983, "last_crash": -1, "travelled_time": 3.4499999999999957, "max_speed": 11.433776055422639, "success": true, "closest_distance": 0.4862775729873242}
{"expert_usage": 0.0, "number_crashes": 0, "travelled_dist": 32.16459453490749, "last_crash": -1, "travelled_time": 3.2499999999999964, "max_speed": 12.167978621279886, "success": true, "closest_distance": 0.31395684221609227}
{"expert_usage": 0.0, "number_crashes": 0, "travelled_dist": 32.833300429045664, "last_crash": -1, "travelled_time": 3.099999999999997, "max_speed": 11.95575160018498, "success": true, "closest_distance": 0.5181769464721233}
{"expert_usage": 0.0, "number_crashes": 1, "travelled_dist": 17.369467535476897, "last_crash": 2.1500000000000004, "travelled_time": 2.1500000000000004, "max_speed": 9.861734078596617, "success": false, "closest_distance": 0.1689487432817769}
{"expert_usage": 0.0, "number_crashes": 0, "travelled_dist": 32.77035609629789, "last_crash": -1, "travelled_time": 2.7499999999999982, "max_speed": 13.251946805068728, "success": true, "closest_distance": 0.49953845079954384}
