{"unity_start_pos": [[-20.0, 20.0, 0.0, 0]], "length_straight": 35.0, "max_rollouts": 10, "tree_spacings": [5], "target_speed": 7.0, "track_global_traj": false, "log_dir": "logs", "expert_folder": "./data", "pitch_angle": 0, "use_depth": true, "use_rgb": false, "quad_name": "hummingbird", "odometry_topic": "/hummingbird/ground_truth/odometry", "rgb_topic": "/hummingbird/agile_autonomy/unity_rgb", "depth_topic": "/hummingbird/agile_autonomy/sgm_depth", "input_update_freq": 15, "execute_nw_predictions": true, "crashed_thr": 0.18, "verbose": false, "net_weight": "/mnt/Data/logs/drone_pos_runs_old/exps240224/base/run5/checkpoint0004.pth", "no_odom": false, "margin": 0.2}
{"expert_usage": 0.0, "number_crashes": 0, "travelled_dist": 32.868209645772104, "last_crash": -1, "travelled_time": 4.849999999999991, "max_speed": 7.286116969082191, "success": true, "closest_distance": 0.2768785501367381}
{"expert_usage": 0.0, "number_crashes": 0, "travelled_dist": 32.51682507367668, "last_crash": -1, "travelled_time": 4.6499999999999915, "max_speed": 7.52459585121704, "success": true, "closest_distance": 0.5537613064952821}
{"expert_usage": 0.0, "number_crashes": 0, "travelled_dist": 33.06011824371276, "last_crash": -1, "travelled_time": 5.1999999999999895, "max_speed": 7.508154287269472, "success": true, "closest_distance": 0.25429973483525925}
{"expert_usage": 0.0, "number_crashes": 0, "travelled_dist": 32.6730381113843, "last_crash": -1, "travelled_time": 4.6499999999999915, "max_speed": 7.940845716155126, "success": true, "closest_distance": 0.4995643900452013}
{"expert_usage": 0.0, "number_crashes": 0, "travelled_dist": 32.266841879793574, "last_crash": -1, "travelled_time": 4.6499999999999915, "max_speed": 7.568110834842878, "success": true, "closest_distance": 0.37415274141050225}
{"expert_usage": 0.0, "number_crashes": 0, "travelled_dist": 32.389890776575676, "last_crash": -1, "travelled_time": 4.699999999999991, "max_speed": 7.757865662476042, "success": true, "closest_distance": 0.3600544552268889}
{"expert_usage": 0.0, "number_crashes": 0, "travelled_dist": 32.47993045600316, "last_crash": -1, "travelled_time": 4.6499999999999915, "max_speed": 7.6522921683089375, "success": true, "closest_distance": 0.579476407119414}
{"expert_usage": 0.0, "number_crashes": 0, "travelled_dist": 32.32062666948403, "last_crash": -1, "travelled_time": 4.699999999999991, "max_speed": 7.893952571886201, "success": true, "closest_distance": 0.6485822619783991}
{"expert_usage": 0.0, "number_crashes": 0, "travelled_dist": 32.64462591195918, "last_crash": -1, "travelled_time": 4.699999999999991, "max_speed": 7.772081774386155, "success": true, "closest_distance": 0.40508714909350096}
{"expert_usage": 0.0, "number_crashes": 0, "travelled_dist": 32.61958462554211, "last_crash": -1, "travelled_time": 4.849999999999991, "max_speed": 7.66189615628011, "success": true, "closest_distance": 0.42605023558264826}
