{"unity_start_pos": [[-20.0, 20.0, 0.0, 0]], "length_straight": 35.0, "max_rollouts": 10, "tree_spacings": [5], "target_speed": 4.0, "track_global_traj": false, "log_dir": "logs", "expert_folder": "./data", "pitch_angle": 0, "use_depth": true, "use_rgb": false, "quad_name": "hummingbird", "odometry_topic": "/hummingbird/ground_truth/odometry", "rgb_topic": "/hummingbird/agile_autonomy/unity_rgb", "depth_topic": "/hummingbird/agile_autonomy/sgm_depth", "input_update_freq": 15, "execute_nw_predictions": true, "crashed_thr": 0.18, "verbose": false, "net_weight": "/mnt/Data/logs/drone_pos_runs_old/exps240224/base/run5/checkpoint0004.pth", "no_odom": false, "margin": 0.2}
{"expert_usage": 0.0, "number_crashes": 0, "travelled_dist": 32.35789248847334, "last_crash": -1, "travelled_time": 8.14999999999998, "max_speed": 4.796728165312681, "success": true, "closest_distance": 0.5251167976903004}
{"expert_usage": 0.0, "number_crashes": 0, "travelled_dist": 32.196723117699804, "last_crash": -1, "travelled_time": 8.299999999999983, "max_speed": 4.747019620286835, "success": true, "closest_distance": 0.45531114488203983}
{"expert_usage": 0.0, "number_crashes": 0, "travelled_dist": 32.4376877194732, "last_crash": -1, "travelled_time": 8.299999999999983, "max_speed": 4.753843904932086, "success": true, "closest_distance": 0.6567975660264004}
{"expert_usage": 0.0, "number_crashes": 0, "travelled_dist": 32.38574291837142, "last_crash": -1, "travelled_time": 8.199999999999982, "max_speed": 5.1477899477613995, "success": true, "closest_distance": 0.7417265785018875}
{"expert_usage": 0.0, "number_crashes": 0, "travelled_dist": 32.217186925701384, "last_crash": -1, "travelled_time": 8.14999999999998, "max_speed": 4.768150924307109, "success": true, "closest_distance": 0.539766767196922}
{"expert_usage": 0.0, "number_crashes": 0, "travelled_dist": 32.456810987358104, "last_crash": -1, "travelled_time": 8.499999999999986, "max_speed": 4.783173227367266, "success": true, "closest_distance": 0.39244594464684796}
{"expert_usage": 0.0, "number_crashes": 0, "travelled_dist": 32.41502252644915, "last_crash": -1, "travelled_time": 8.449999999999985, "max_speed": 4.989500481123095, "success": true, "closest_distance": 0.395924557950737}
{"expert_usage": 0.0, "number_crashes": 0, "travelled_dist": 32.40234579879402, "last_crash": -1, "travelled_time": 8.04999999999998, "max_speed": 4.988922577620302, "success": true, "closest_distance": 0.6460235046665851}
{"expert_usage": 0.0, "number_crashes": 0, "travelled_dist": 32.91974720387148, "last_crash": -1, "travelled_time": 9.700000000000003, "max_speed": 4.737608824600186, "success": true, "closest_distance": 0.29303686882364083}
{"expert_usage": 0.0, "number_crashes": 0, "travelled_dist": 32.135924867906, "last_crash": -1, "travelled_time": 8.09999999999998, "max_speed": 4.812006199953102, "success": true, "closest_distance": 0.5829509510361167}
